timestamp,vx,vy,vz,vmag
0,-3.96041e-06,-6.48135e-06,-6.49494e-06,9.99385e-06
0.051,0.000559624,1.23794e-06,1.24083e-06,0.000559627
0.101,0.00164589,6.98113e-07,5.86522e-07,0.00164589
0.147,0.00255089,3.10666e-07,3.2169e-07,0.00255089
0.199,0.00501959,1.16901e-07,-2.45286e-07,0.00501959
0.253,0.00751143,-1.10974e-06,-5.31586e-07,0.00751143
0.301,0.0100816,-2.51804e-06,-7.05756e-07,0.0100816
0.347,0.0113934,-6.52305e-07,-1.13633e-06,0.0113934
0.399,0.014404,-4.65608e-06,-9.75561e-07,0.014404
0.45,0.0166812,-6.96397e-06,-9.5497e-07,0.0166812
0.5,0.0187583,-1.20974e-05,-5.14197e-07,0.0187583
0.546,0.0189976,8.25754e-07,-2.24794e-06,0.0189976
0.598,0.0181757,-9.73141e-06,-7.90623e-07,0.0181757
0.647,0.0169495,-8.25747e-06,-8.3522e-07,0.0169495
0.696,0.0152571,-4.98922e-06,-1.08146e-06,0.0152571
0.746,0.013145,-4.4822e-06,-9.22237e-07,0.013145
0.797,0.0106259,-3.3531e-06,-7.87958e-07,0.0106259
0.847,0.00845092,-2.64889e-06,-6.33665e-07,0.00845092
0.9,0.00508722,-1.201e-06,-4.33681e-07,0.00508722
timestamp,vx,vy,vz,vmag
0,1.19923e-05,9.23834e-09,-2.54384e-09,1.19923e-05
0.027,-0.000235279,1.65146e-09,-5.71587e-10,0.000235279
0.078,-0.00126214,4.80433e-08,-5.96545e-09,0.00126214
0.125,-0.0020773,8.05086e-08,-1.0025e-08,0.0020773
0.175,-0.00391021,1.75104e-07,-2.19647e-08,0.00391021
0.227,-0.00640815,6.24506e-07,-7.77978e-08,0.00640815
0.278,-0.00915977,-1.18633e-06,1.47811e-07,0.00915977
0.331,-0.0116737,-1.16075e-06,1.45523e-07,0.0116737
0.381,-0.0145527,-6.95595e-06,8.7515e-07,0.0145527
0.427,-0.0158397,-4.91023e-07,5.62697e-08,0.0158397
0.479,-0.0184354,-1.16854e-05,1.49051e-06,0.0184354
0.528,-0.0191183,-3.22303e-06,3.96384e-07,0.0191183
0.578,-0.0182138,-1.12251e-05,1.45834e-06,0.0182138
0.626,-0.0172925,-6.65215e-06,8.46474e-07,0.0172925
0.677,-0.0151656,-7.53593e-06,9.89974e-07,0.0151656
0.728,-0.0130573,-6.96756e-06,9.28045e-07,0.0130573
0.781,-0.00996511,-5.99293e-06,8.1376e-07,0.00996512
0.828,-0.00854482,-3.1565e-06,4.32996e-07,0.00854482
0.877,-0.00618759,-6.77307e-07,9.89269e-08,0.00618759
timestamp,vx,vy,vz,vmag
0,-2.25776e-05,1.97037e-08,-2.63922e-09,2.25777e-05
0.028,-0.00027531,2.28406e-09,-3.27105e-10,0.00027531
0.076,-0.00102984,3.52866e-08,-4.81148e-09,0.00102984
0.128,-0.00242713,9.04321e-10,-8.47322e-11,0.00242713
0.176,-0.00415905,1.23057e-07,-1.6772e-08,0.00415905
0.23,-0.00694326,1.05432e-07,-1.371e-08,0.00694326
0.278,-0.00915952,-1.18333e-06,1.60807e-07,0.00915952
0.328,-0.011282,-2.25971e-07,3.04921e-08,0.011282
0.378,-0.0139773,-4.19748e-06,5.74908e-07,0.0139773
0.427,-0.01584,-4.89424e-07,6.17853e-08,0.01584
0.48,-0.0186644,-1.46827e-05,2.03812e-06,0.0186644
0.525,-0.0189543,2.41341e-06,-3.58948e-07,0.0189543
0.58,-0.017963,-1.9416e-05,2.74569e-06,0.017963
0.626,-0.0172992,-6.63905e-06,9.19264e-07,0.0172992
0.678,-0.0149322,-9.65454e-06,1.3845e-06,0.0149322
0.726,-0.0134131,-4.679e-06,6.75061e-07,0.0134131
0.777,-0.0107978,-3.29019e-06,4.84732e-07,0.0107978
0.829,-0.00837576,-3.75098e-06,5.56007e-07,0.00837576
0.876,-0.0064826,-4.49538e-07,7.35373e-08,0.0064826
timestamp,vx,vy,vz,vmag
0,-1.62464e-05,1.42033e-08,-2.05598e-09,1.62465e-05
0.031,0.000121618,2.40836e-09,-3.69182e-10,0.000121618
0.081,0.000966264,1.81441e-08,-2.69089e-09,0.000966264
0.134,0.00227262,6.04628e-08,-8.92192e-09,0.00227262
0.183,0.00450283,-2.21005e-07,3.2578e-08,0.00450283
0.234,0.00646493,6.25763e-07,-9.21528e-08,0.00646493
0.281,0.00842609,-7.71689e-07,1.13003e-07,0.00842609
0.33,0.0104053,1.25885e-06,-1.82213e-07,0.0104053
0.382,0.0135063,-4.44289e-06,6.46966e-07,0.0135063
0.431,0.0154,1.02509e-07,-6.22341e-09,0.0154
0.479,0.0171313,6.54439e-07,-9.20667e-08,0.0171313
0.533,0.019222,-4.81312e-06,7.13215e-07,0.019222
0.578,0.0188634,5.99849e-06,-8.39743e-07,0.0188634
0.632,0.0174167,-1.09186e-05,1.56432e-06,0.0174167
0.679,0.0160308,-3.40775e-06,4.96694e-07,0.0160308
0.735,0.0131882,-9.98786e-06,1.38448e-06,0.0131882
0.782,0.0109679,-4.58215e-06,6.2495e-07,0.0109679
0.835,0.00862595,-4.69283e-06,6.35515e-07,0.00862596
0.883,0.00617581,-1.71982e-06,2.26958e-07,0.00617581
0.932,0.00397671,4.17888e-07,-6.29421e-08,0.00397671
timestamp,vx,vy,vz,vmag
0,1.48022e-05,1.2876e-08,-1.78783e-09,1.48022e-05
0.026,5.24508e-06,0.000204181,-8.8245e-10,0.000204249
0.075,-7.88431e-07,0.000916026,-2.92304e-08,0.000916026
0.126,-1.65663e-07,0.00219382,-5.31309e-08,0.00219382
0.179,5.3639e-07,0.00490827,-6.41427e-09,0.00490827
0.228,9.4188e-07,0.00658625,-4.05697e-07,0.00658625
0.278,1.29818e-06,0.00916028,9.85573e-07,0.00916028
0.329,1.74612e-06,0.0114782,6.70085e-07,0.0114782
0.378,1.90456e-06,0.0139796,3.5583e-06,0.0139796
0.429,2.37366e-06,0.0162074,2.55708e-06,0.0162074
0.478,2.25886e-06,0.0182141,7.3585e-06,0.0182141
0.527,2.98918e-06,0.0190644,1.07056e-06,0.0190644
0.579,1.70242e-06,0.0180956,1.31223e-05,0.0180956
0.625,2.45752e-06,0.0174095,3.93061e-06,0.0174095
0.677,1.85369e-06,0.0151722,6.44124e-06,0.0151722
0.731,1.33327e-06,0.0127169,7.70912e-06,0.012717
0.776,1.60314e-06,0.0110687,2.00764e-06,0.0110687
0.829,1.04929e-06,0.00837198,3.22666e-06,0.00837198
0.877,9.46903e-07,0.00619094,5.78759e-07,0.00619094
timestamp,vx,vy,vz,vmag
0,5.26904e-09,2.25797e-05,-1.70199e-08,2.25797e-05
0.03,-4.54461e-10,-0.000342097,1.81853e-09,0.000342097
0.079,4.3467e-09,-0.00137777,-4.68564e-08,0.00137777
0.126,4.31637e-09,-0.00219464,-4.54109e-08,0.00219464
0.18,-3.95976e-09,-0.00515824,4.25897e-08,0.00515824
0.23,9.01656e-09,-0.00694367,-9.06878e-08,0.00694367
0.277,-4.85074e-08,-0.00888311,5.11389e-07,0.00888311
0.327,3.17444e-08,-0.0110863,-3.29936e-07,0.0110863
0.377,-2.12939e-07,-0.0136906,2.2407e-06,0.0136906
0.429,-2.49136e-07,-0.0162062,2.62031e-06,0.0162062
0.475,4.54006e-08,-0.0175286,-4.82353e-07,0.0175286
0.528,-2.64612e-07,-0.0191178,2.76412e-06,0.0191178
0.576,-2.46557e-07,-0.0184696,2.61614e-06,0.0184696
0.629,-1.02619e-06,-0.0169562,1.08842e-05,0.0169562
0.678,-7.7658e-07,-0.0149248,8.31219e-06,0.0149248
0.728,-5.58087e-07,-0.0130566,5.99519e-06,0.0130566
0.78,-4.91849e-07,-0.00996412,5.31949e-06,0.00996412
0.829,-2.97602e-07,-0.00836515,3.23129e-06,0.00836515
0.879,-9.01699e-08,-0.00561281,9.96331e-07,0.00561281
0.927,5.32328e-08,-0.00379922,-5.56691e-07,0.00379922
timestamp,vx,vy,vz,vmag
0,9.09831e-10,-1.30017e-05,-9.76034e-09,1.30017e-05
0.041,2.35512e-10,-0.000208031,-2.54238e-09,0.000208031
0.094,4.34754e-09,-0.00137521,-4.6957e-08,0.00137521
0.143,7.60697e-11,-0.00242696,-5.62095e-10,0.00242696
0.192,5.91041e-09,-0.00440853,-6.37435e-08,0.00440853
0.246,1.57682e-08,-0.00694319,-1.6922e-07,0.00694319
0.293,-9.40215e-08,-0.00915977,1.0163e-06,0.00915977
0.345,-1.12358e-07,-0.0116738,1.21639e-06,0.0116738
0.396,-5.50173e-07,-0.0145542,5.96023e-06,0.0145542
0.442,-3.95843e-08,-0.01584,4.16899e-07,0.01584
0.495,-1.1572e-06,-0.0186675,1.25995e-05,0.0186675
0.547,-4.38701e-07,-0.0192348,4.74467e-06,0.0192348
0.593,-8.77389e-07,-0.018221,9.61764e-06,0.018221
0.643,-8.35074e-07,-0.0170757,9.12171e-06,0.0170757
0.693,-7.5136e-07,-0.014933,8.28733e-06,0.014933
0.74,-2.76223e-07,-0.0135863,3.05432e-06,0.0135863
0.793,-3.26998e-07,-0.0105223,3.64645e-06,0.0105223
0.845,-3.35073e-07,-0.00819711,3.74077e-06,0.00819711
0.892,-5.10308e-08,-0.0061946,5.87882e-07,0.0061946
timestamp,vx,vy,vz,vmag
0,9.02883e-10,-1.33462e-05,-9.99176e-09,1.33462e-05
0.029,-1.80966e-11,0.00030589,1.95965e-10,0.00030589
0.079,4.20435e-09,0.00137729,-4.68255e-08,0.00137729
0.127,1.99461e-09,0.00231128,-2.24124e-08,0.00231128
0.178,2.24333e-09,0.00465892,-2.49136e-08,0.00465892
0.229,2.08401e-08,0.00676497,-2.33774e-07,0.00676497
0.28,-1.79441e-07,0.00971468,1.99869e-06,0.00971468
0.327,2.95925e-08,0.0110861,-3.27749e-07,0.0110861
0.375,4.95008e-08,0.0131146,-5.44867e-07,0.0131146
0.425,1.65693e-07,0.0154725,-1.81747e-06,0.0154725
0.481,-1.08573e-06,0.0186694,1.20024e-05,0.0186694
0.528,-2.44368e-07,0.0191198,2.73532e-06,0.0191198
0.58,-1.51734e-06,0.0179671,1.66512e-05,0.0179671
0.627,-6.69615e-07,0.0171844,7.3892e-06,0.0171844
0.679,-9.30385e-07,0.0146899,1.0139e-05,0.0146899
0.727,-4.60184e-07,0.0132341,5.00625e-06,0.0132341
0.779,-4.15783e-07,0.0102425,4.48886e-06,0.0102425
0.829,-3.00952e-07,0.00836863,3.23971e-06,0.00836864
0.879,-9.48149e-08,0.0056155,1.00531e-06,0.0056155
0.924,5.45198e-08,0.00445574,-6.0729e-07,0.00445574
timestamp,vx,vy,vz,vmag
0,1.11644e-09,1.62107e-05,-1.21443e-08,1.62107e-05
0.016,1.09687e-07,5.79088e-06,1.75122e-05,1.84452e-05
0.067,-7.15854e-07,-4.91762e-07,0.000732593,0.000732593
0.119,-1.77288e-08,-4.12796e-07,0.00179609,0.00179609
0.165,1.04104e-07,-3.51419e-07,0.00313208,0.00313208
0.215,3.96203e-08,9.51463e-07,0.00515473,0.00515473
0.266,-9.65042e-08,3.35294e-08,0.00765472,0.00765472
0.314,-1.0129e-07,1.96139e-06,0.00949486,0.00949486
0.369,-2.22545e-07,-3.60972e-06,0.0129058,0.0129058
0.417,-7.14301e-08,-1.50597e-06,0.0150308,0.0150308
0.464,-3.58822e-07,1.10934e-06,0.0165336,0.0165336
0.517,-7.22464e-07,-5.95848e-06,0.0189991,0.0189991
0.564,-4.2005e-07,2.25974e-06,0.0189277,0.0189277
0.617,-1.07789e-06,-1.32992e-05,0.0177701,0.0177701
0.666,-8.43286e-07,-8.51487e-06,0.0162089,0.0162089
0.717,-8.25147e-07,-9.22907e-06,0.0140568,0.0140568
0.766,-5.55543e-07,-4.20065e-06,0.0120085,0.0120085
0.817,-4.6782e-07,-3.61387e-06,0.00952121,0.00952122
0.867,-3.34708e-07,-1.93189e-06,0.00732805,0.00732805
0.915,-1.63198e-07,6.83018e-07,0.00515634,0.00515634
timestamp,vx,vy,vz,vmag
0,8.05217e-10,1.87484e-08,1.82943e-05,1.82943e-05
0.03,-8.80573e-11,-2.04995e-09,-0.000341755,0.000341755
0.078,2.15157e-09,4.92204e-08,-0.00126245,0.00126245
0.124,4.84496e-09,1.12456e-07,-0.00196052,0.00196052
0.176,5.46099e-09,1.27167e-07,-0.00415984,0.00415984
0.228,1.98393e-08,4.62393e-07,-0.00658648,0.00658648
0.279,-7.84436e-08,-1.82571e-06,-0.00943749,0.00943749
0.327,1.704e-08,3.97906e-07,-0.0110862,0.0110862
0.376,-4.39928e-08,-1.0229e-06,-0.0134029,0.0134029
0.428,-7.84951e-08,-1.82588e-06,-0.0160234,0.0160234
0.477,-2.48715e-07,-5.78903e-06,-0.0179846,0.0179846
0.526,2.51852e-08,5.88734e-07,-0.0190058,0.0190058
0.575,4.65388e-08,1.086e-06,-0.0185975,0.0185975
0.627,-3.84804e-07,-8.9575e-06,-0.0171831,0.0171831
0.676,-2.4211e-07,-5.63516e-06,-0.0154078,0.0154078
0.727,-2.61241e-07,-6.0809e-06,-0.0132328,0.0132328
0.777,-1.48521e-07,-3.45655e-06,-0.0107901,0.0107901
0.83,-1.96311e-07,-4.57088e-06,-0.00818962,0.00818963
0.88,-6.37894e-08,-1.48526e-06,-0.00532813,0.00532813
timestamp,vx,vy,vz,vmag
0,8.80213e-10,2.04948e-08,-2.25611e-05,2.25611e-05
0.028,1.01805e-10,2.37051e-09,-0.000275308,0.000275308
0.08,2.79592e-09,6.50997e-08,-0.0014907,0.0014907
0.132,-9.2468e-10,-2.15305e-08,-0.00266124,0.00266124
0.178,1.34017e-09,3.12048e-08,-0.00465825,0.00465825
0.225,4.45041e-08,1.03623e-06,-0.00605024,0.00605024
0.277,-2.66052e-08,-6.19472e-07,-0.00888294,0.00888294
0.325,7.29941e-08,1.69959e-06,-0.0106939,0.0106939
0.38,-3.30098e-07,-7.68596e-06,-0.0145561,0.0145561
0.428,-7.92419e-08,-1.84506e-06,-0.016024,0.016024
0.477,-2.51136e-07,-5.84741e-06,-0.0179871,0.0179871
0.528,-1.43327e-07,-3.3372e-06,-0.0191236,0.0191236
0.579,-6.91316e-07,-1.60965e-05,-0.0180992,0.0180993
0.628,-4.79114e-07,-1.11556e-05,-0.0170801,0.0170801
0.677,-3.40679e-07,-7.93233e-06,-0.015177,0.015177
0.731,-4.07303e-07,-9.48359e-06,-0.012722,0.012722
0.779,-2.37324e-07,-5.52583e-06,-0.0102508,0.0102508
0.829,-1.7135e-07,-3.98969e-06,-0.00837783,0.00837783
0.879,-5.33978e-08,-1.24331e-06,-0.00562454,0.00562454
0.928,2.76625e-08,6.44089e-07,-0.00358857,0.00358857
timestamp,vx,vy,vz,vmag
0,8.91751e-10,2.07633e-08,-2.26052e-05,2.26052e-05
0.028,9.30062e-11,2.16565e-09,0.000269158,0.000269158
0.082,3.17919e-09,7.4024e-08,0.00149284,0.00149284
0.127,1.18125e-09,2.75047e-08,0.0023116,0.0023116
0.177,3.35461e-09,7.81083e-08,0.00440953,0.00440953
0.224,5.35339e-08,1.24648e-06,0.00587257,0.00587257
0.282,-8.96544e-08,-2.0875e-06,0.00971416,0.00971416
0.327,1.73257e-08,4.03409e-07,0.0110863,0.0110863
0.375,2.87675e-08,6.69819e-07,0.0131148,0.0131148
0.429,-1.37763e-07,-3.20765e-06,0.0162063,0.0162063
0.48,-6.64177e-07,-1.54646e-05,0.0186649,0.0186649
0.529,-2.2989e-07,-5.35274e-06,0.0191741,0.0191741
0.578,-5.06169e-07,-1.17856e-05,0.018215,0.018215
0.627,-3.9013e-07,-9.08374e-06,0.0171802,0.0171802
0.68,-6.2908e-07,-1.46474e-05,0.0144445,0.0144445
0.731,-4.04453e-07,-9.41723e-06,0.0127094,0.0127094
0.781,-2.69702e-07,-6.27971e-06,0.0099643,0.0099643
0.83,-1.95998e-07,-4.5636e-06,0.00818747,0.00818748
0.879,-5.19851e-08,-1.21041e-06,0.00561284,0.00561284
0.929,2.63957e-08,6.14594e-07,0.0033627,0.0033627
timestamp,vx,vy,vz,vmag
0,6.36396e-10,1.48179e-08,1.62071e-05,1.62071e-05
0.032,-8.24305e-05,-8.24297e-05,-8.09645e-05,0.000141932
0.081,-0.000557014,-0.000556983,-0.000558473,0.000965602
0.131,-0.00114377,-0.00114364,-0.00114442,0.00198137
0.179,-0.00202727,-0.00202719,-0.00202738,0.00351135
0.229,-0.0032385,-0.00323698,-0.00323791,0.00560803
0.281,-0.00486437,-0.00486553,-0.00486345,0.00842547
0.332,-0.00622798,-0.00622731,-0.00622647,0.0107859
0.38,-0.00745903,-0.00746074,-0.00745739,0.0129195
0.433,-0.0091068,-0.00910969,-0.00910484,0.015774
0.479,-0.00989235,-0.00989132,-0.00988981,0.017132
0.532,-0.0110367,-0.0110415,-0.0110344,0.0191176
0.581,-0.0106916,-0.0107007,-0.0106897,0.0185225
0.631,-0.0101037,-0.0101168,-0.0101023,0.0175069
0.679,-0.00925359,-0.00925876,-0.00925176,0.0160296
0.735,-0.00760613,-0.00762109,-0.00760547,0.0131825
0.779,-0.00681169,-0.00681415,-0.0068102,0.0117988
0.836,-0.00497714,-0.00498389,-0.00497643,0.00862415
0.885,-0.00340791,-0.0034108,-0.00340727,0.00590397
0.934,-0.00201903,-0.0020185,-0.00201847,0.00349643
timestamp,vx,vy,vz,vmag
0,-6.15102e-06,-6.14881e-06,-6.10825e-06,1.0628e-05
0.029,4.32115e-05,4.32769e-05,4.29885e-05,7.47538e-05
0.075,0.000387907,0.000387614,0.000388933,0.000672299
0.128,0.00109653,0.00109671,0.00109655,0.00189936
0.174,0.00180336,0.00180335,0.00180336,0.0031235
0.226,0.00319587,0.00319709,0.00319596,0.00553617
0.275,0.00442839,0.00442832,0.00442839,0.00767016
0.325,0.00573943,0.00574119,0.00573957,0.00994208
0.377,0.00749381,0.00748794,0.00749333,0.012976
0.425,0.0085263,0.00852765,0.00852642,0.0147688
0.477,0.010058,0.0100466,0.0100571,0.0174138
0.526,0.0108971,0.0108937,0.0108968,0.0188722
0.574,0.0108984,0.0109023,0.0108988,0.0188791
0.625,0.0103228,0.010314,0.0103221,0.0178742
0.676,0.00922347,0.00921143,0.00922242,0.015968
0.725,0.00823723,0.00822918,0.00823652,0.0142622
0.776,0.00677561,0.00676948,0.00677504,0.0117318
0.828,0.00530303,0.00529622,0.00530238,0.00918081
0.878,0.00390053,0.00389704,0.00390019,0.00675371
0.928,0.0023941,0.00239425,0.00239411,0.00414679
timestamp,vx,vy,vz,vmag
0,1.15462e-05,1.15729e-05,1.15487e-05,2.00155e-05
0.008,-5.95807e-06,-5.94861e-06,1.42702e-05,1.65687e-05
0.055,-0.000239893,-0.000239892,0.000241324,0.000416334
0.106,-0.000810302,-0.000810198,0.000809,0.00140267
0.159,-0.00202867,-0.00202897,0.00202885,0.00351403
0.207,-0.00297646,-0.00297574,0.0029761,0.00515476
0.258,-0.00441866,-0.0044195,0.00442054,0.00765491
0.305,-0.00535045,-0.00534903,0.00535033,0.00926636
0.358,-0.00716027,-0.0071635,0.00716558,0.0124069
0.408,-0.0085396,-0.00854196,0.00854444,0.0147952
0.459,-0.00990422,-0.00991357,0.00991671,0.0171672
0.506,-0.0106553,-0.0106568,0.0106599,0.0184591
0.558,-0.0108732,-0.0108805,0.0108838,0.0188433
0.607,-0.0103794,-0.0103892,0.0103925,0.0179909
0.661,-0.00913751,-0.00915346,0.00915663,0.0158469
0.712,-0.00799145,-0.00800498,0.00800775,0.0138588
0.759,-0.00679375,-0.00680136,0.00680358,0.0117772
0.806,-0.00588419,-0.00588675,0.00588853,0.0101957
0.858,-0.0043544,-0.00435711,0.00435846,0.00754595
0.91,-0.00249264,-0.00249305,0.00249378,0.00431827
timestamp,vx,vy,vz,vmag
0,-1.03154e-05,-1.02975e-05,1.02998e-05,1.78474e-05
0.039,0.000177394,0.000177393,-0.000177393,0.000307254
0.088,0.000729475,0.000729528,-0.00072953,0.00126355
0.136,0.00126736,0.00126742,-0.00126742,0.0021952
0.189,0.0028342,0.00283418,-0.00283418,0.00490895
0.237,0.00369933,0.00370004,-0.00370007,0.00640826
0.285,0.00480839,0.0048091,-0.00480912,0.0083292
0.339,0.00662758,0.00662664,-0.0066266,0.0114782
0.389,0.00824146,0.00823482,-0.00823459,0.0142668
0.438,0.00925233,0.00925031,-0.00925024,0.0160231
0.489,0.0106546,0.0106412,-0.0106407,0.0184385
0.537,0.0110065,0.011005,-0.0110049,0.019062
0.589,0.0104557,0.010438,-0.0104374,0.018089
0.639,0.00980044,0.00978586,-0.00978534,0.0169577
0.689,0.00848825,0.00847457,-0.00847408,0.014686
0.738,0.00754439,0.0075363,-0.00753602,0.0130578
0.79,0.00575831,0.0057511,-0.00575085,0.00996522
0.836,0.00513958,0.00513724,-0.00513717,0.00889927
0.887,0.0035719,0.00357108,-0.00357106,0.00618575
0.936,0.00231919,0.00231995,-0.00231999,0.00401786
timestamp,vx,vy,vz,vmag
0,9.34657e-06,9.36294e-06,-9.36358e-06,1.6208e-05
0.026,-3.25897e-05,3.69321e-05,-3.69322e-05,6.15634e-05
0.078,-0.000617885,0.000616538,-0.000616528,0.00106865
0.126,-0.00104334,0.00104272,-0.00104265,0.00180636
0.176,-0.00219531,0.00219504,-0.00219516,0.00380215
0.227,-0.00340676,0.00340827,-0.00340781,0.00590216
0.274,-0.00442764,0.00442855,-0.00442855,0.00766995
0.323,-0.00562143,0.0056246,-0.00562371,0.00973975
0.374,-0.00716952,0.00717039,-0.00717084,0.0124192
0.427,-0.00888419,0.00888422,-0.00888529,0.0153885
0.474,-0.00978989,0.0097903,-0.00979132,0.0169577
0.523,-0.0107273,0.0107319,-0.010731,0.018585
0.574,-0.010851,0.0108528,-0.0108533,0.0187968
0.624,-0.0103213,0.0103173,-0.0103205,0.0178742
0.675,-0.00922194,0.00921518,-0.00921963,0.0159676
0.724,-0.00823637,0.00823241,-0.00823539,0.014263
0.774,-0.00692533,0.00692367,-0.00692538,0.0119941
0.826,-0.00541589,0.00541304,-0.00541514,0.00937852
0.88,-0.00375836,0.00375645,-0.00375789,0.0065083
0.927,-0.00239497,0.00239575,-0.00239569,0.00414907
timestamp,vx,vy,vz,vmag
0,-9.26819e-06,9.28708e-06,-9.27906e-06,1.60702e-05
0.037,0.000135868,-0.000135865,0.000135866,0.000235328
0.087,0.000662997,-0.000662951,0.000662974,0.0011483
0.136,0.00126735,-0.00126729,0.00126732,0.00219506
0.187,0.00254602,-0.00254593,0.00254598,0.00440976
0.24,0.00400905,-0.00400892,0.00400898,0.00694376
0.289,0.00544768,-0.00544975,0.00544874,0.00943746
0.337,0.00640089,-0.00640045,0.00640066,0.0110863
0.385,0.00757218,-0.00757143,0.00757179,0.0131147
0.436,0.00903963,-0.00903868,0.00903913,0.0156563
0.487,0.0103799,-0.0103864,0.0103832,0.0179842
0.539,0.0110679,-0.0110739,0.011071,0.0191754
0.588,0.0105113,-0.0105243,0.010518,0.0182174
0.635,0.0100464,-0.0100518,0.0100491,0.0174055
0.686,0.00889227,-0.00889857,0.0088955,0.0154074
0.738,0.00753544,-0.00754353,0.00753962,0.0130588
0.789,0.00590943,-0.00591548,0.00591258,0.0102407
0.84,0.00472551,-0.00473056,0.00472814,0.00818926
0.885,0.00390191,-0.00390218,0.00390206,0.00675855
0.937,0.00219425,-0.0021935,0.00219387,0.0037999
timestamp,vx,vy,vz,vmag
0,7.69885e-06,-7.68538e-06,7.69189e-06,1.3323e-05
0.033,-0.000156113,0.000156114,0.000158253,0.000271637
0.085,-0.000861517,0.000861601,0.00086107,0.00149198
0.134,-0.00146937,0.00146934,0.00146933,0.00254499
0.184,-0.00283366,0.00283365,0.0028342,0.00490835
0.235,-0.00400842,0.00400856,0.00400948,0.00694348
0.285,-0.0056094,0.0056063,0.00560981,0.00971421
0.331,-0.0062863,0.00628763,0.00628852,0.0108902
0.383,-0.00807245,0.00806687,0.00807272,0.0139788
0.434,-0.00935795,0.00935391,0.00935916,0.0162068
0.481,-0.0102525,0.0102492,0.0102542,0.017757
0.53,-0.0109388,0.010942,0.0109431,0.0189509
0.585,-0.0103829,0.010357,0.0103764,0.017965
0.632,-0.00992576,0.00991427,0.00992444,0.0171845
0.684,-0.00848741,0.00847163,0.0084841,0.0146896
0.735,-0.00734551,0.00733309,0.00734309,0.0127142
0.781,-0.00639055,0.00638739,0.00639123,0.0110673
0.832,-0.00503879,0.00503534,0.00503898,0.00872556
0.886,-0.0030786,0.00307678,0.00307882,0.00533136
timestamp,vx,vy,vz,vmag
0,-7.42846e-06,7.44581e-06,7.43728e-06,1.28816e-05
0.05,0.000225406,-0.000225405,-0.000225405,0.000390413
0.1,0.000762559,-0.000762463,-0.000762524,0.00132072
0.151,0.00164707,-0.00164721,-0.00164712,0.00285292
0.202,0.00303308,-0.00303266,-0.00303293,0.00525312
0.251,0.0041028,-0.00410292,-0.00410284,0.00710635
0.302,0.00567128,-0.00567276,-0.00567182,0.00982411
0.351,0.00682995,-0.00683182,-0.00683063,0.0118313
0.401,0.00831354,-0.00831787,-0.00831512,0.0144029
0.451,0.00951576,-0.00952046,-0.00951747,0.0164855
0.499,0.0104643,-0.010467,-0.0104653,0.0181268
0.554,0.0109838,-0.010995,-0.0109879,0.0190334
0.6,0.0104867,-0.0104973,-0.0104905,0.0181718
0.649,0.00977973,-0.00978847,-0.00978291,0.0169459
0.701,0.00841355,-0.00842601,-0.00841806,0.0145825
0.75,0.00735562,-0.00736256,-0.00735813,0.0127458
0.8,0.00598466,-0.00598885,-0.00598617,0.010369
0.85,0.00476505,-0.00476809,-0.00476614,0.0082557
0.899,0.00343469,-0.00343492,-0.00343477,0.00594923
timestamp,vx,vy,vz,vmag
0,2.41781e-05,-2.41298e-05,-2.41607e-05,4.18398e-05
0.022,3.42919e-05,-3.42669e-05,-3.42829e-05,5.93757e-05
0.074,0.000444009,-0.000444001,-0.000444006,0.00076904
0.126,0.00109512,-0.00109497,-0.00109506,0.00189668
0.177,0.00245582,-0.00245629,-0.00245599,0.00425397
0.225,0.003302,-0.00330092,-0.00330161,0.00571838
0.273,0.00442795,-0.00442801,-0.00442797,0.00766949
0.323,0.00574073,-0.00573917,-0.00574017,0.00994201
0.374,0.00732915,-0.00733232,-0.00733028,0.0126969
0.423,0.00852744,-0.00852626,-0.00852702,0.014769
0.474,0.00991952,-0.00992584,-0.00992177,0.0171861
0.523,0.0108141,-0.0108146,-0.0108142,0.0187309
0.573,0.0108539,-0.0108553,-0.0108544,0.0188005
0.625,0.0102038,-0.0102189,-0.0102092,0.0176853
0.678,0.00883924,-0.00885763,-0.00884574,0.0153244
0.726,0.00792829,-0.00794134,-0.00793289,0.0137424
0.776,0.00647307,-0.00648102,-0.00647587,0.0112179
0.824,0.00553029,-0.00553417,-0.00553165,0.00958177
0.875,0.00404685,-0.00404933,-0.00404772,0.00701128
0.924,0.00270169,-0.00270136,-0.00270157,0.0046792
timestamp,vx,vy,vz,vmag
0,5.62582e-06,-5.61459e-06,-5.62189e-06,9.73545e-06
0.026,-0.000115901,0.000115904,0.000115902,0.000200749
0.08,-0.000861503,0.000861585,0.000861532,0.00149223
0.126,-0.00126678,0.00126685,0.0012668,0.00219418
0.176,-0.00240152,0.00240168,0.00240158,0.00415968
0.231,-0.00400874,0.00400899,0.00400883,0.00694354
0.277,-0.005129,0.00512822,0.00512872,0.00888308
0.327,-0.0064004,0.0064009,0.00640058,0.0110862
0.377,-0.00790594,0.00790251,0.00790473,0.0136908
0.426,-0.00903873,0.00903981,0.00903911,0.0156564
0.477,-0.0103866,0.0103792,0.0103839,0.0179843
0.53,-0.011108,0.0110988,0.0111047,0.0192324
0.575,-0.0107375,0.0107388,0.0107379,0.0185989
0.628,-0.00986275,0.00984869,0.00985777,0.0170718
0.678,-0.0086248,0.00861199,0.00862025,0.0149286
0.724,-0.00794273,0.00793949,0.00794158,0.0137547
0.778,-0.0060745,0.00606885,0.00607248,0.0105169
0.827,-0.00503848,0.00503505,0.00503726,0.00872422
0.88,-0.00307814,0.00307626,0.00307747,0.00533003
0.927,-0.00219441,0.00219526,0.00219471,0.00380149
timestamp,vx,vy,vz,vmag
0,-9.3539e-06,9.3727e-06,9.36064e-06,1.62162e-05
0.039,0.000104315,-0.000104318,0.000101753,0.000179214
0.088,0.000687411,-0.000687381,0.000685956,0.00118977
0.138,0.00125604,-0.00125597,0.0012554,0.00217512
0.184,0.00202725,-0.0020272,0.00202709,0.00351117
0.236,0.00343583,-0.00343488,0.00343595,0.00595055
0.287,0.00502506,-0.00502668,0.00502714,0.00870579
0.337,0.00622683,-0.00622634,0.00622824,0.0107857
0.389,0.00812926,-0.00813817,0.00813618,0.0140894
0.437,0.00899796,-0.00899903,0.00900106,0.0155873
0.488,0.0104238,-0.0104374,0.0104339,0.0180683
0.535,0.0109194,-0.0109192,0.0109224,0.0189146
0.586,0.0106909,-0.0106978,0.0106976,0.018525
0.635,0.0101604,-0.0101678,0.0101671,0.0176065
0.685,0.00911418,-0.0091206,0.00912016,0.0157934
0.738,0.00770283,-0.00771315,0.00771049,0.0133521
0.785,0.00665052,-0.00665352,0.00665403,0.0115228
0.837,0.00518435,-0.00518831,0.00518795,0.00898392
0.886,0.00387978,-0.00388102,0.00388157,0.00672172
0.935,0.00257517,-0.00257459,0.00257561,0.00446025
timestamp,vx,vy,vz,vmag
0,4.93246e-06,-4.92392e-06,4.92938e-06,8.53657e-06
0.048,-0.000177096,0.000177095,-0.000177096,0.000306738
0.098,-0.0007953,0.000795362,-0.000795333,0.00137755
0.149,-0.00153715,0.0015371,-0.00153712,0.00266238
0.198,-0.00283399,0.00283398,-0.00283398,0.0049086
0.246,-0.0036993,0.00370001,-0.00369968,0.00640801
0.296,-0.00512903,0.00512835,-0.00512867,0.00888314
0.347,-0.00651391,0.00651365,-0.00651377,0.0112822
0.395,-0.00773869,0.00773755,-0.00773809,0.0134028
0.448,-0.00935876,0.00935528,-0.00935692,0.0162068
0.494,-0.0101201,0.0101207,-0.0101204,0.0175291
0.545,-0.0109732,0.0109739,-0.0109735,0.0190067
0.597,-0.0105248,0.0105119,-0.010518,0.0182182
0.649,-0.00973611,0.00971927,-0.00972726,0.0168486
0.699,-0.00835004,0.00833393,-0.00834164,0.0144485
0.745,-0.00774358,0.00773818,-0.00774077,0.0134075
0.795,-0.00639042,0.00638769,-0.00638901,0.0110661
0.844,-0.00524297,0.00524132,-0.00524212,0.00907965
0.898,-0.00324319,0.00324184,-0.0032425,0.00561619
timestamp,vx,vy,vz,vmag
0,-1.58411e-05,1.58688e-05,-1.58556e-05,2.74619e-05
0.013,6.94277e-06,1.58182e-05,-1.58145e-05,2.34204e-05
0.063,0.000423694,0.000422169,-0.000422172,0.000732101
0.11,0.000810285,0.000808765,-0.000808774,0.00140171
0.166,0.00213897,0.00213863,-0.00213863,0.0037044
0.21,0.00285554,0.00285674,-0.00285678,0.00494735
0.259,0.00401134,0.00401335,-0.0040134,0.00695019
0.31,0.0054798,0.00548275,-0.00548281,0.00949473
0.364,0.00745348,0.0074503,-0.0074501,0.012906
0.411,0.00840403,0.00840637,-0.00840636,0.0145589
0.462,0.00979129,0.00978857,-0.00978836,0.0169558
0.515,0.0110783,0.0110716,-0.0110712,0.0191803
0.565,0.0108371,0.010828,-0.0108275,0.0187596
0.612,0.0103306,0.0103212,-0.0103207,0.0178819
0.66,0.00957127,0.00956786,-0.00956762,0.0165738
0.711,0.00834983,0.00834483,-0.00834455,0.0144564
0.76,0.00720201,0.00720072,-0.0072006,0.0124727
0.814,0.00537108,0.0053667,-0.00536647,0.0092978
0.858,0.00486233,0.00486356,-0.00486357,0.00842323
0.912,0.00281595,0.00281693,-0.00281694,0.00487851
timestamp,vx,vy,vz,vmag
0,1.28334e-05,1.28613e-05,-1.28624e-05,2.22609e-05
0.018,-1.5055e-05,-1.50406e-05,1.50401e-05,2.60591e-05
0.07,-0.000445691,-0.000445684,0.000445683,0.00077195
0.119,-0.000937488,-0.000937365,0.00093736,0.00162363
0.172,-0.00232616,-0.0023265,0.00232651,0.00402943
0.22,-0.00319724,-0.00319627,0.00319623,0.00553664
0.273,-0.00503657,-0.00503932,0.00503943,0.00872683
0.322,-0.0060914,-0.00609125,0.00609124,0.0105504
0.373,-0.00780632,-0.00781444,0.00781477,0.0135305
0.421,-0.00876454,-0.00876581,0.00876586,0.0151821
0.473,-0.0103041,-0.0103197,0.0103203,0.0178656
0.52,-0.0108933,-0.010896,0.0108961,0.0188709
0.571,-0.0107468,-0.0107565,0.0107568,0.0186254
0.619,-0.0103131,-0.01032,0.0103203,0.017871
0.673,-0.00883022,-0.00884696,0.0088476,0.0153141
0.723,-0.00781753,-0.00783081,0.00783133,0.013556
0.769,-0.00691987,-0.00692338,0.00692353,0.0119897
0.82,-0.00552318,-0.00552658,0.00552672,0.00957043
0.87,-0.00418249,-0.00418422,0.00418429,0.00724632
0.922,-0.00239329,-0.00239314,0.00239315,0.00414513
timestamp,vx,vy,vz,vmag
0,-1.95898e-05,-1.95554e-05,1.95542e-05,3.38902e-05
0.016,1.15395e-05,1.15573e-05,3.18966e-05,3.58347e-05
0.071,0.000618719,0.000618738,0.000615853,0.00107001
0.12,0.00109703,0.00109721,0.00109562,0.0018994
0.169,0.00219568,0.00219534,0.00219556,0.00380276
0.219,0.00330117,0.00330241,0.00330233,0.00571918
0.268,0.00458065,0.00457969,0.00458256,0.00793447
0.316,0.00562122,0.0056236,0.00562419,0.00973933
0.367,0.0071697,0.0071684,0.00717327,0.0124196
0.419,0.0087646,0.00876301,0.00876911,0.0151824
0.466,0.00965677,0.00965828,0.00966208,0.01673
0.52,0.0110639,0.0110547,0.0110689,0.0191608
0.569,0.0107581,0.0107453,0.0107626,0.0186288
0.616,0.0103753,0.0103705,0.0103804,0.0179707
0.67,0.00897497,0.00895605,0.0089778,0.0155358
0.719,0.00803517,0.00802221,0.00803811,0.0139115
0.77,0.00647466,0.00646526,0.00647711,0.0112104
0.821,0.00518929,0.00518112,0.00519118,0.00898449
0.872,0.00375702,0.00375297,0.00375859,0.00650592
0.92,0.00239361,0.00239378,0.00239492,0.00414671
timestamp,vx,vy,vz,vmag
0,5.60288e-06,5.61615e-06,5.6074e-06,9.71475e-06
0.028,-0.000136161,-0.000136158,-0.00013616,0.000235835
0.08,-0.000795119,-0.000795033,-0.000795109,0.00137713
0.127,-0.00126685,-0.00126677,-0.00126684,0.00219419
0.18,-0.00283389,-0.00283391,-0.00283389,0.00490845
0.229,-0.00380302,-0.00380232,-0.00380294,0.00658658
0.278,-0.00512821,-0.00512914,-0.00512832,0.00888293
0.33,-0.00662629,-0.00662758,-0.00662643,0.0114779
0.377,-0.00773737,-0.00773892,-0.00773754,0.0134025
0.43,-0.00935474,-0.00935949,-0.00935526,0.0162059
0.479,-0.0105083,-0.0105218,-0.0105098,0.0182095
0.529,-0.0110363,-0.0110414,-0.0110369,0.0191187
0.577,-0.0106626,-0.0106673,-0.0106631,0.0184711
0.629,-0.00984865,-0.00986517,-0.00985041,0.0170689
0.68,-0.00847184,-0.00849005,-0.0084737,0.0146853
0.73,-0.00743423,-0.00744675,-0.0074355,0.0128844
0.775,-0.00670569,-0.00670649,-0.00670578,0.0116151
0.831,-0.00472601,-0.00473269,-0.00472666,0.00818992
0.877,-0.00373776,-0.00373845,-0.00373782,0.00647442
